編號,資料集,色數,是否漸層,色票HEX,角色,角色狀態,風格標籤,風格狀態,規則推論風格,取色方式,取樣信心
01,規則集,3,否,#D8B4B6 | #F7F2EE | #A78F88,主色 | 底色 | 輔色,推論 | 推論 | 推論,療癒,已確認（使用者）,療癒,標示 | 標示 | 標示,— | — | —
02,規則集,3,否,#7FA69A | #E6DCC8 | #B5C1B0,主色 | 底色 | 輔色,推論 | 推論 | 推論,森系,已確認（使用者）,森系,標示 | 標示 | 標示,— | — | —
03,驗證集,2,否,#6FAFD2 | #EFCB5B,主色 | 輔色,已確認 | 已確認,清新,已確認（使用者）,清新,標示 | 標示,— | —
04,規則集,3,否,#1C1C1E | #7E8C78 | #9E6E55,字色 | 主色 | 輔色,推論 | 推論 | 推論,商務,已確認（使用者）,商務,標示 | 標示 | 標示,— | — | —
05,規則集,3,否,#2C6975 | #F6F2EA | #C56F52,主色 | 底色 | 點綴色,推論 | 推論 | 推論,商務,已確認（使用者）,清新,標示 | 標示 | 標示,— | — | —
06,驗證集,4,否,#90AFC5 | #D9C9B1 | #F5F1EA | #8E847A,主色 | 輔色 | 底色 | 輔色,推論 | 推論 | 推論 | 推論,清新,已確認（使用者）,清新,標示 | 標示 | 標示 | 標示,— | — | — | —
07,規則集,4,否,#51697C | #F2F2EE | #AAB7C2 | #B79D88,主色 | 底色 | 輔色 | 輔色,推論 | 推論 | 推論 | 推論,商務,已確認（使用者）,清新,標示 | 標示 | 標示 | 標示,— | — | — | —
08,規則集,5,是,#EAF59A | #CFE85C | #A9D44A | #7CB83A | #5A8E2C,漸層第 1 階 | 漸層第 2 階 | 漸層第 3 階 | 漸層第 4 階 | 漸層第 5 階,推論 | 推論 | 推論 | 推論 | 推論,漸層,已確認（使用者）,森系,標示 | 標示 | 標示 | 標示 | 標示,— | — | — | — | —
09,驗證集,5,是,#1E2A3E | #2E4A5E | #5A8A9E | #A8C8D8 | #E8F0F6,漸層第 1 階 | 漸層第 2 階 | 漸層第 3 階 | 漸層第 4 階 | 漸層第 5 階,推論 | 推論 | 推論 | 推論 | 推論,漸層,已確認（使用者）,夜間,標示 | 標示 | 標示 | 標示 | 標示,— | — | — | — | —
10,規則集,5,否,#121F34 | #46657E | #BAD1D5 | #F6F1EC | #67AA82,字色 | 主色 | 輔色 | 底色 | 輔色,推論 | 推論 | 推論 | 推論 | 推論,商務,已確認（使用者）,商務,標示 | 標示 | 標示 | 標示 | 標示,— | — | — | — | —
11,規則集,2,否,#E7688B | #86CBB0,主色 | 輔色,已確認 | 已確認,療癒,已確認（使用者）,療癒,標示 | 標示,— | —
12,規則集,2,否,#C7A2D9 | #A7C870,主色 | 輔色,已確認 | 已確認,療癒,已確認（使用者）,療癒,標示 | 標示,— | —
13,驗證集,2,否,#E88E59 | #6FBFC6,主色 | 輔色,已確認 | 已確認,療癒,已確認（使用者）,復古,標示 | 標示,— | —
14,規則集,2,否,#E58BA6 | #78C1B6,主色 | 輔色,已確認 | 已確認,療癒,已確認（使用者）,療癒,標示 | 標示,— | —
15,規則集,2,否,#6CB9C9 | #F1C86A,主色 | 輔色,已確認 | 已確認,清新,已確認（使用者）,清新,標示 | 標示,— | —
16,驗證集,2,否,#C3A2D8 | #B7CE8E,主色 | 輔色,已確認 | 已確認,療癒,已確認（使用者）,療癒,標示 | 標示,— | —
17,規則集,2,否,#F2E9DA | #5B9698,底色 | 主色,推論 | 推論,清新,已確認（使用者）,清新,標示（RGB 換算） | 標示（RGB 換算）,— | —
18,規則集,2,否,#8077A8 | #D95D50,主色 | 輔色,推論 | 推論,復古,已確認（使用者）,療癒,標示（RGB 換算） | 標示（RGB 換算）,— | —
19,驗證集,2,否,#D9B35F | #7B5B4B,主色 | 輔色,推論 | 推論,復古,已確認（使用者）,療癒,標示（RGB 換算） | 標示（RGB 換算）,— | —
20,規則集,2,否,#C5B3D3 | #3E5968,主色 | 輔色,推論 | 推論,商務,已確認（使用者）,療癒,標示（RGB 換算） | 標示（RGB 換算）,— | —
21,規則集,2,否,#A4C9A5 | #DB6B83,主色 | 輔色,推論 | 推論,森系,已確認（使用者）,森系,標示（RGB 換算） | 標示（RGB 換算）,— | —
22,規則集,2,否,#F4DFA8 | #5AA4AE,主色 | 輔色,推論 | 推論,清新,已確認（使用者）,療癒,標示（RGB 換算） | 標示（RGB 換算）,— | —
23,驗證集,2,否,#EBC15B | #3D5567,主色 | 輔色,推論 | 推論,復古,已確認（使用者）,療癒,標示（RGB 換算） | 標示（RGB 換算）,— | —
24,規則集,2,否,#8ABCD1 | #EEAA99,主色 | 輔色,推論 | 推論,清新,已確認（使用者）,清新,標示（RGB 換算） | 標示（RGB 換算）,— | —
25,規則集,2,否,#6B9274 | #D8CE8B,主色 | 輔色,推論 | 推論,森系,已確認（使用者）,森系,標示（RGB 換算） | 標示（RGB 換算）,— | —
26,驗證集,2,否,#E2BC6A | #C84B57,主色 | 輔色,推論 | 推論,復古,已確認（使用者）,療癒,標示（RGB 換算） | 標示（RGB 換算）,— | —
27,規則集,2,否,#C59AAF | #B8C7C2,主色 | 輔色,推論 | 推論,療癒,已確認（使用者）,療癒,標示（RGB 換算） | 標示（RGB 換算）,— | —
28,規則集,2,否,#6FAFC4 | #E8E2D1,主色 | 底色,推論 | 推論,清新,已確認（使用者）,清新,標示（RGB 換算） | 標示（RGB 換算）,— | —
29,驗證集,2,否,#6B9A8B | #B46F5A,主色 | 輔色,推論 | 推論,復古,已確認（使用者）,森系,標示（RGB 換算） | 標示（RGB 換算）,— | —
30,規則集,2,否,#EEF2F0 | #364A5E,底色 | 主色,推論 | 推論,夜間,已確認（使用者）,商務,標示（RGB 換算） | 標示（RGB 換算）,— | —
31,規則集,3,否,#AFCBDA | #F5F7F6 | #C9D2D5,主色 | 底色 | 輔色,推論 | 推論 | 推論,清新,已確認（使用者）,清新,標示 | 標示 | 標示,— | — | —
32,規則集,3,否,#B9AFD8 | #D7D1DC | #F2EEEA,主色 | 輔色 | 底色,推論 | 推論 | 推論,療癒,已確認（使用者）,療癒,標示 | 標示 | 標示,— | — | —
33,驗證集,3,否,#F0C4A8 | #EAD8C4 | #F6E2DB,主色 | 輔色 | 底色,推論 | 推論 | 推論,療癒,已確認（使用者）,療癒,標示 | 標示 | 標示,— | — | —
34,規則集,3,否,#89A8A0 | #F1EFE7 | #D7C5A1,主色 | 底色 | 輔色,推論 | 推論 | 推論,森系,已確認（使用者）,清新,標示 | 標示 | 標示,— | — | —
35,規則集,3,否,#A8C7E8 | #F3E1A0 | #F8F7F1,主色 | 輔色 | 底色,推論 | 推論 | 推論,清新,已確認（使用者）,清新,標示 | 標示 | 標示,— | — | —
36,驗證集,3,否,#F7F1E7 | #C8B39A | #D9D1C8,底色 | 主色 | 輔色,推論 | 推論 | 推論,療癒,已確認（使用者）,療癒,標示 | 標示 | 標示,— | — | —
37,規則集,3,否,#AABACA | #F5F1E8 | #D7C8AE,主色 | 底色 | 輔色,推論 | 推論 | 推論,清新,已確認（使用者）,清新,標示 | 標示 | 標示,— | — | —
38,規則集,3,否,#A6B49B | #F4ECDD | #D9CDB8,主色 | 底色 | 輔色,推論 | 推論 | 推論,森系,已確認（使用者）,森系,標示 | 標示 | 標示,— | — | —
39,驗證集,3,否,#B99275 | #D6CEC4 | #C7A78F,主色 | 輔色 | 輔色,推論 | 推論 | 推論,療癒,已確認（使用者）,復古,標示 | 標示 | 標示,— | — | —
40,規則集,3,否,#CEE8F3 | #F8F8F4 | #D8DEE3,主色 | 底色 | 輔色,推論 | 推論 | 推論,清新,已確認（使用者）,清新,標示 | 標示 | 標示,— | — | —
41,規則集,3,否,#E8A06E | #F3E7D5 | #B6A6B8,主色 | 底色 | 輔色,推論 | 推論 | 推論,療癒,已確認（使用者）,療癒,標示 | 標示 | 標示,— | — | —
42,規則集,3,否,#8DCFC2 | #F6F5F0 | #AFC6DE,主色 | 底色 | 輔色,推論 | 推論 | 推論,清新,已確認（使用者）,清新,標示 | 標示 | 標示,— | — | —
43,驗證集,3,否,#141518 | #94A8B7 | #D8C7B4,字色 | 主色 | 輔色,推論 | 推論 | 推論,商務,已確認（使用者）,商務,標示 | 標示 | 標示,— | — | —
44,規則集,3,否,#F7F5F1 | #8FA189 | #C6B8C8,底色 | 主色 | 輔色,推論 | 推論 | 推論,森系,已確認（使用者）,森系,標示 | 標示 | 標示,— | — | —
45,規則集,3,否,#8A8F95 | #B98B8B | #45606E,主色 | 輔色 | 字色,推論 | 推論 | 推論,商務,已確認（使用者）,療癒,標示 | 標示 | 標示,— | — | —
46,驗證集,3,否,#2F4D53 | #B7B3AD | #C89B54,字色 | 主色 | 點綴色,推論 | 推論 | 推論,復古,已確認（使用者）,商務,標示 | 標示 | 標示,— | — | —
47,規則集,4,否,#A7B6A1 | #EEE7DC | #C9C1B5 | #7F7265,主色 | 底色 | 輔色 | 輔色,推論 | 推論 | 推論 | 推論,森系,已確認（使用者）,森系,標示 | 標示 | 標示 | 標示,— | — | — | —
48,規則集,4,否,#8E6F5A | #F2E6D7 | #B98A5A | #B1A59A,主色 | 底色 | 輔色 | 輔色,推論 | 推論 | 推論 | 推論,療癒,已確認（使用者）,復古,標示 | 標示 | 標示 | 標示,— | — | — | —
49,驗證集,4,否,#8D8A87 | #D9B8AD | #F3EEE8 | #6F625A,主色 | 輔色 | 底色 | 輔色,推論 | 推論 | 推論 | 推論,療癒,已確認（使用者）,療癒,標示 | 標示 | 標示 | 標示,— | — | — | —
50,規則集,4,否,#556B5F | #B7B2AA | #D8D1C3 | #38463F,主色 | 輔色 | 輔色 | 字色,推論 | 推論 | 推論 | 推論,森系,已確認（使用者）,商務,標示 | 標示 | 標示 | 標示,— | — | — | —
51,規則集,4,否,#9FB7B1 | #A78468 | #F5F0E8 | #91857A,主色 | 輔色 | 底色 | 輔色,推論 | 推論 | 推論 | 推論,森系,已確認（使用者）,清新,標示 | 標示 | 標示 | 標示,— | — | — | —
52,規則集,5,否,#211A3E | #453370 | #A597B6 | #FEF3E8 | #D06C9D,主色 | 輔色 | 輔色 | 底色 | 點綴色,推論 | 推論 | 推論 | 推論 | 推論,夜間,已確認（使用者）,夜間,標示 | 標示 | 標示 | 標示 | 標示,— | — | — | — | —
53,驗證集,5,否,#4B1A18 | #AB352B | #D6904E | #EAE4E0 | #4982AE,主色 | 點綴色 | 輔色 | 底色 | 輔色,推論 | 推論 | 推論 | 推論 | 推論,復古,已確認（使用者）,復古,標示 | 標示 | 標示 | 標示 | 標示,— | — | — | — | —
54,規則集,4,否,#78A5CE | #FFF0D9 | #DDA4B4 | #7C5549,主色 | 底色 | 輔色 | 字色,推論 | 推論 | 推論 | 推論,療癒,已確認（使用者）,清新,標示 | 標示 | 標示 | 標示,— | — | — | —
55,規則集,5,是,#1E2E22 | #2E4A36 | #4A7C5E | #8AC0A0 | #D8ECE0,漸層第 1 階 | 漸層第 2 階 | 漸層第 3 階 | 漸層第 4 階 | 漸層第 5 階,推論 | 推論 | 推論 | 推論 | 推論,漸層,已確認（使用者）,夜間,標示 | 標示 | 標示 | 標示 | 標示,— | — | — | — | —
56,驗證集,5,是,#2A1A3E | #4A2D64 | #7D5B8F | #B898C4 | #E8E0EC,漸層第 1 階 | 漸層第 2 階 | 漸層第 3 階 | 漸層第 4 階 | 漸層第 5 階,推論 | 推論 | 推論 | 推論 | 推論,漸層,已確認（使用者）,夜間,標示 | 標示 | 標示 | 標示 | 標示,— | — | — | — | —
57,規則集,5,是,#0E1A2E | #1E3A5E | #3A6B8E | #8EA8CE | #E0EAF5,漸層第 1 階 | 漸層第 2 階 | 漸層第 3 階 | 漸層第 4 階 | 漸層第 5 階,推論 | 推論 | 推論 | 推論 | 推論,漸層,已確認（使用者）,夜間,標示 | 標示 | 標示 | 標示 | 標示,— | — | — | — | —
58,規則集,5,是,#0E2A3A | #1E4A60 | #3A8A9E | #8EC8D8 | #D8F0F6,漸層第 1 階 | 漸層第 2 階 | 漸層第 3 階 | 漸層第 4 階 | 漸層第 5 階,推論 | 推論 | 推論 | 推論 | 推論,漸層,已確認（使用者）,夜間,標示 | 標示 | 標示 | 標示 | 標示,— | — | — | — | —
59,驗證集,5,是,#9CCBB8 | #BADCCB | #D2EADB | #E6F4EE | #F4FBF8,漸層第 1 階 | 漸層第 2 階 | 漸層第 3 階 | 漸層第 4 階 | 漸層第 5 階,推論 | 推論 | 推論 | 推論 | 推論,漸層,已確認（使用者）,森系,標示 | 標示 | 標示 | 標示 | 標示,— | — | — | — | —
60,規則集,5,是,#BCD8A0 | #C8DEB4 | #D6E8CC | #E2F0DC | #EEF8EE,漸層第 1 階 | 漸層第 2 階 | 漸層第 3 階 | 漸層第 4 階 | 漸層第 5 階,推論 | 推論 | 推論 | 推論 | 推論,漸層,已確認（使用者）,森系,標示 | 標示 | 標示 | 標示 | 標示,— | — | — | — | —
61,規則集,5,是,#A8E0D0 | #BCE8DA | #D0F0E6 | #E0F6EE | #F0FAF6,漸層第 1 階 | 漸層第 2 階 | 漸層第 3 階 | 漸層第 4 階 | 漸層第 5 階,推論 | 推論 | 推論 | 推論 | 推論,漸層,已確認（使用者）,森系,標示 | 標示 | 標示 | 標示 | 標示,— | — | — | — | —
62,規則集,5,是,#9ED8C0 | #B2E2CE | #C8ECDE | #DCF4EC | #EEF9F5,漸層第 1 階 | 漸層第 2 階 | 漸層第 3 階 | 漸層第 4 階 | 漸層第 5 階,推論 | 推論 | 推論 | 推論 | 推論,漸層,已確認（使用者）,森系,標示 | 標示 | 標示 | 標示 | 標示,— | — | — | — | —
